{"cameraMode":{"drawMode":0,"name":"Shaded","section":"Shading Mode"},"sceneLighting":false,"audioPlay":false,"sceneViewState":{"showFog":true,"showMaterialUpdate":false,"showSkybox":true,"showFlares":true,"showImageEffects":true,"showParticleSystems":true},"in2DMode":false,"pivot":{"x":36.3536262512207,"y":-11.623370170593262,"z":39.72087860107422},"rotation":{"x":-0.21755291521549226,"y":-0.005273081362247467,"z":0.001175274490378797,"w":-0.9760345220565796},"size":81.39410400390625,"orthographic":false}