{"cameraMode":{"drawMode":0,"name":"Shaded","section":"Shading Mode"},"sceneLighting":false,"audioPlay":false,"sceneViewState":{"showFog":true,"showMaterialUpdate":false,"showSkybox":true,"showFlares":true,"showImageEffects":true,"showParticleSystems":true},"in2DMode":false,"pivot":{"x":392.0431213378906,"y":43.284019470214847,"z":1448.4869384765625},"rotation":{"x":-0.031794868409633639,"y":0.024583373218774797,"z":-0.0007932332227937877,"w":-0.9992192983627319},"size":947.22412109375,"orthographic":false}