{"cameraMode":{"drawMode":0,"name":"Shaded","section":"Shading Mode"},"sceneLighting":false,"audioPlay":false,"sceneViewState":{"showFog":true,"showMaterialUpdate":false,"showSkybox":true,"showFlares":true,"showImageEffects":true,"showParticleSystems":true},"in2DMode":false,"pivot":{"x":312.7437438964844,"y":254.06320190429688,"z":-311.4353332519531},"rotation":{"x":-0.04829157143831253,"y":-0.0038981044199317695,"z":0.000174243570654653,"w":-0.9988548755645752},"size":156.606689453125,"orthographic":false}