{"cameraMode":{"drawMode":0,"name":"Shaded","section":"Shading Mode"},"sceneLighting":false,"audioPlay":false,"sceneViewState":{"showFog":true,"showMaterialUpdate":false,"showSkybox":true,"showFlares":true,"showImageEffects":true,"showParticleSystems":true},"in2DMode":false,"pivot":{"x":59.91735076904297,"y":913.6224365234375,"z":-348.05712890625},"rotation":{"x":-0.013808977790176869,"y":0.006597244646400213,"z":-0.00010426317749079317,"w":-0.9999156594276428},"size":554.2703857421875,"orthographic":false}