{"cameraMode":{"drawMode":0,"name":"Shaded","section":"Shading Mode"},"sceneLighting":false,"audioPlay":false,"sceneViewState":{"showFog":true,"showMaterialUpdate":false,"showSkybox":true,"showFlares":true,"showImageEffects":true,"showParticleSystems":true},"in2DMode":false,"pivot":{"x":18.22797966003418,"y":-56.9608039855957,"z":768.9387817382813},"rotation":{"x":-0.04229424521327019,"y":-0.012889943085610867,"z":0.0005422082031145692,"w":-0.9990364909172058},"size":393.468994140625,"orthographic":false}