{"cameraMode":{"drawMode":0,"name":"Shaded","section":"Shading Mode"},"sceneLighting":false,"audioPlay":false,"sceneViewState":{"showFog":true,"showMaterialUpdate":false,"showSkybox":true,"showFlares":true,"showImageEffects":true,"showParticleSystems":true},"in2DMode":false,"pivot":{"x":-0.40485063195228579,"y":-0.08337872475385666,"z":-0.6294955611228943},"rotation":{"x":-0.07876643538475037,"y":0.9023995399475098,"z":-0.18697793781757356,"w":-0.38014551997184756},"size":0.8660253882408142,"orthographic":false}