{"cameraMode":{"drawMode":0,"name":"Shaded","section":"Shading Mode"},"sceneLighting":false,"audioPlay":false,"sceneViewState":{"showFog":true,"showMaterialUpdate":false,"showSkybox":true,"showFlares":true,"showImageEffects":true,"showParticleSystems":true},"in2DMode":false,"pivot":{"x":434.27984619140627,"y":191.2934112548828,"z":556.3392333984375},"rotation":{"x":-0.006309418939054012,"y":-0.006901252083480358,"z":0.00003420463690417819,"w":-0.9999749660491943},"size":538.8431396484375,"orthographic":false}