{"cameraMode":{"drawMode":0,"name":"Shaded","section":"Shading Mode"},"sceneLighting":false,"audioPlay":false,"sceneViewState":{"showFog":true,"showMaterialUpdate":false,"showSkybox":true,"showFlares":true,"showImageEffects":true,"showParticleSystems":true},"in2DMode":false,"pivot":{"x":293.638916015625,"y":659.2705688476563,"z":-351.997314453125},"rotation":{"x":-0.013808977790176869,"y":0.006597244646400213,"z":-0.00010426317749079317,"w":-0.9999156594276428},"size":610.06494140625,"orthographic":false}