{"cameraMode":{"drawMode":0,"name":"Shaded","section":"Shading Mode"},"sceneLighting":false,"audioPlay":false,"sceneViewState":{"showFog":true,"showMaterialUpdate":false,"showSkybox":true,"showFlares":true,"showImageEffects":true,"showParticleSystems":true},"in2DMode":false,"pivot":{"x":279.9359130859375,"y":241.9363250732422,"z":-250.0935821533203},"rotation":{"x":-0.00030924155726097524,"y":0.008098043501377106,"z":-0.0000158475995704066,"w":-0.9999997615814209},"size":156.606689453125,"orthographic":false}