{"cameraMode":{"drawMode":0,"name":"Shaded","section":"Shading Mode"},"sceneLighting":false,"audioPlay":false,"sceneViewState":{"showFog":true,"showMaterialUpdate":false,"showSkybox":true,"showFlares":true,"showImageEffects":true,"showParticleSystems":true},"in2DMode":false,"pivot":{"x":656.2725219726563,"y":1391.2305908203125,"z":-702.780517578125},"rotation":{"x":-0.0842103511095047,"y":0.006573507096618414,"z":-0.0005687855300493538,"w":-0.9964590072631836},"size":145.29000854492188,"orthographic":false}