{"cameraMode":{"drawMode":0,"name":"Shaded","section":"Shading Mode"},"sceneLighting":false,"audioPlay":false,"sceneViewState":{"showFog":true,"showMaterialUpdate":false,"showSkybox":true,"showFlares":true,"showImageEffects":true,"showParticleSystems":true},"in2DMode":false,"pivot":{"x":119.6869888305664,"y":1558.0662841796875,"z":-3.145263671875},"rotation":{"x":-0.013808977790176869,"y":0.006597244646400213,"z":-0.00010426317749079317,"w":-0.9999156594276428},"size":983.5108032226563,"orthographic":false}