{"cameraMode":{"drawMode":0,"name":"Shaded","section":"Shading Mode"},"sceneLighting":false,"audioPlay":false,"sceneViewState":{"showFog":true,"showMaterialUpdate":false,"showSkybox":true,"showFlares":true,"showImageEffects":true,"showParticleSystems":true},"in2DMode":false,"pivot":{"x":383.9366455078125,"y":222.41310119628907,"z":-362.8760681152344},"rotation":{"x":-0.013808977790176869,"y":0.006597244646400213,"z":-0.00010426317749079317,"w":-0.9999156594276428},"size":40.34676742553711,"orthographic":false}