{"cameraMode":{"drawMode":0,"name":"Shaded","section":"Shading Mode"},"sceneLighting":false,"audioPlay":false,"sceneViewState":{"showFog":true,"showMaterialUpdate":false,"showSkybox":true,"showFlares":true,"showImageEffects":true,"showParticleSystems":true},"in2DMode":false,"pivot":{"x":577.1590576171875,"y":1279.3311767578125,"z":2.5313720703125},"rotation":{"x":-0.013808977790176869,"y":0.006597244646400213,"z":-0.00010426317749079317,"w":-0.9999156594276428},"size":515.3269653320313,"orthographic":false}